"trabajo_citado","doi_citado","anio_citado","articulo_citante","anio_citante","doi_citante","clasificacion"
"Bacterial Communities in the Rhizosphere at Different Growth Stages of Maize Cultivated in Soil Under Conventional and Conservation Agricultural Practices","https://doi.org/10.1128/spectrum.01834-21",2022,"Root architecture and the rhizosphere microbiome: Shaping sustainable agriculture",2025,"https://doi.org/10.1016/j.plantsci.2025.112599","A y B (independiente)"
"Bacterial Communities in the Rhizosphere at Different Growth Stages of Maize Cultivated in Soil Under Conventional and Conservation Agricultural Practices","https://doi.org/10.1128/spectrum.01834-21",2022,"Unveiling the influence of salinity on bacterial microbiome assembly of halophytes and crops",2024,"https://doi.org/10.1186/s40793-024-00592-3","A y B (independiente)"
"Bacterial Communities in the Rhizosphere at Different Growth Stages of Maize Cultivated in Soil Under Conventional and Conservation Agricultural Practices","https://doi.org/10.1128/spectrum.01834-21",2022,"Long-term impact of tillage on microbial communities of an Eastern European Chernozem",2025,"https://doi.org/10.1038/s41598-024-84590-y","A y B (independiente)"
"Bacterial Communities in the Rhizosphere at Different Growth Stages of Maize Cultivated in Soil Under Conventional and Conservation Agricultural Practices","https://doi.org/10.1128/spectrum.01834-21",2022,"Multiple Plant Growth–Promoting Activities Exhibited by Root‐Associated Bacteria Isolated From Bamboo and Corn",2025,"https://doi.org/10.1155/ijm/6374935","A y B (independiente)"
"Bacterial Communities in the Rhizosphere at Different Growth Stages of Maize Cultivated in Soil Under Conventional and Conservation Agricultural Practices","https://doi.org/10.1128/spectrum.01834-21",2022,"Effects of grass cultivation on soil arbuscular mycorrhizal fungi community in a tangerine orchard",2022,"https://doi.org/10.1016/j.rhisph.2022.100583","A y B (independiente)"
"Bacterial Communities in the Rhizosphere at Different Growth Stages of Maize Cultivated in Soil Under Conventional and Conservation Agricultural Practices","https://doi.org/10.1128/spectrum.01834-21",2022,"Abundance, classification and genetic potential of Thaumarchaeota in metagenomes of European agricultural soils: a meta-analysis",2023,"https://doi.org/10.1186/s40793-023-00479-9","A y B (independiente)"
"Bacterial Communities in the Rhizosphere at Different Growth Stages of Maize Cultivated in Soil Under Conventional and Conservation Agricultural Practices","https://doi.org/10.1128/spectrum.01834-21",2022,"Analysis of microbial diversity and volatile metabolites across different types of pit mud in sauce-flavored Baijiu based on nanopore sequencing and metabolomics",2023,"https://doi.org/10.1016/j.lwt.2023.115465","A y B (independiente)"
"Bacterial Communities in the Rhizosphere at Different Growth Stages of Maize Cultivated in Soil Under Conventional and Conservation Agricultural Practices","https://doi.org/10.1128/spectrum.01834-21",2022,"The role of tillage practices in wheat straw decomposition and shaping the associated microbial communities in Endocalcaric– Epigleyic Cambisol soil",2024,"https://doi.org/10.1007/s00374-024-01879-w","A y B (independiente)"
"Bacterial Communities in the Rhizosphere at Different Growth Stages of Maize Cultivated in Soil Under Conventional and Conservation Agricultural Practices","https://doi.org/10.1128/spectrum.01834-21",2022,"Early season soil microbiome best predicts wheat grain quality",2022,"https://doi.org/10.1093/femsec/fiac144","A y B (independiente)"
"Bacterial Communities in the Rhizosphere at Different Growth Stages of Maize Cultivated in Soil Under Conventional and Conservation Agricultural Practices","https://doi.org/10.1128/spectrum.01834-21",2022,"Evaluation of functional plant growth-promoting activities of culturable rhizobacteria associated to tunicate maize (Zea mays var. tunicata A. St. Hil), a Mexican exotic landrace grown in traditional agroecosystems",2024,"https://doi.org/10.3389/fmicb.2024.1478807","A y B (independiente)"
"Bacterial Communities in the Rhizosphere at Different Growth Stages of Maize Cultivated in Soil Under Conventional and Conservation Agricultural Practices","https://doi.org/10.1128/spectrum.01834-21",2022,"Cover crop monocultures and mixtures enhance bacterial abundance and functionality in the maize root zone",2024,"https://doi.org/10.1093/ismeco/ycae132","A y B (independiente)"
"Bacterial Communities in the Rhizosphere at Different Growth Stages of Maize Cultivated in Soil Under Conventional and Conservation Agricultural Practices","https://doi.org/10.1128/spectrum.01834-21",2022,"Soil Bacterial Community and Greenhouse Gas Emissions as Responded to the Coupled Application of Nitrogen Fertilizer and Microbial Decomposing Inoculants in Wheat (Triticum aestivum L.) Seedling Stage under Different Water Regimes",2023,"https://doi.org/10.3390/agronomy13122950","A y B (independiente)"
"Bacterial Communities in the Rhizosphere at Different Growth Stages of Maize Cultivated in Soil Under Conventional and Conservation Agricultural Practices","https://doi.org/10.1128/spectrum.01834-21",2022,"Microbial dynamics and dehydrogenase activity in tomato (Lycopersicon esculentum Mill.) rhizospheres: Impacts on growth and soil health across different soil types",2024,"https://doi.org/10.1515/chem-2023-0209","A y B (independiente)"
"Bacterial Communities in the Rhizosphere at Different Growth Stages of Maize Cultivated in Soil Under Conventional and Conservation Agricultural Practices","https://doi.org/10.1128/spectrum.01834-21",2022,"Biotic stress alleviation: A sneak peek into the beneficial taxa in rhizosphere",2024,"https://doi.org/10.1016/j.bcab.2024.103427","A y B (independiente)"
"Bacterial Communities in the Rhizosphere at Different Growth Stages of Maize Cultivated in Soil Under Conventional and Conservation Agricultural Practices","https://doi.org/10.1128/spectrum.01834-21",2022,"Legacy Effects of Cover Crop on Cash Crop Rhizosphere Microbiota in a No-Till Maize–Soybean Cropping System",2025,"https://doi.org/10.1094/pbiomes-09-24-0086-r","A y B (independiente)"
"Bacterial Communities in the Rhizosphere at Different Growth Stages of Maize Cultivated in Soil Under Conventional and Conservation Agricultural Practices","https://doi.org/10.1128/spectrum.01834-21",2022,"Maize microbiome assembly and engineering: implications for nutrient acquisition, stress resilience, and disease suppression",2026,"https://doi.org/10.1080/03650340.2026.2679300","A y B (independiente)"
"Bacterial Communities in the Rhizosphere at Different Growth Stages of Maize Cultivated in Soil Under Conventional and Conservation Agricultural Practices","https://doi.org/10.1128/spectrum.01834-21",2022,"Changes in Soil Quality through Conservation Agriculture in North-Eastern Italy",2022,"https://doi.org/10.3390/agriculture12071007","A y B (independiente)"
"Bacterial Communities in the Rhizosphere at Different Growth Stages of Maize Cultivated in Soil Under Conventional and Conservation Agricultural Practices","https://doi.org/10.1128/spectrum.01834-21",2022,"Adaptive bacterial and fungal matching between a parasitic plant and its host: A case of Cistanche deserticola and Haloxylon ammodendron",2022,"https://doi.org/10.1016/j.indcrop.2022.115932","A y B (independiente)"
"Bacterial Communities in the Rhizosphere at Different Growth Stages of Maize Cultivated in Soil Under Conventional and Conservation Agricultural Practices","https://doi.org/10.1128/spectrum.01834-21",2022,"Traditional potato tillage systems in the Peruvian Andes impact bacterial diversity, evenness, community composition, and functions in soil microbiomes",2024,"https://doi.org/10.1038/s41598-024-54652-2","A y B (independiente)"
"Bacterial Communities in the Rhizosphere at Different Growth Stages of Maize Cultivated in Soil Under Conventional and Conservation Agricultural Practices","https://doi.org/10.1128/spectrum.01834-21",2022,"Non-target effects of pesticide and microbial seed treatments in maize and barley on the resident soil microbiota under conservation agriculture",2024,"https://doi.org/10.1016/j.ejsobi.2024.103653","B (coautor, no autor evaluado)"
"Bacterial Communities in the Rhizosphere at Different Growth Stages of Maize Cultivated in Soil Under Conventional and Conservation Agricultural Practices","https://doi.org/10.1128/spectrum.01834-21",2022,"Microbiome Migration from Soil to Leaves in Maize and Rice",2025,"https://doi.org/10.3390/microorganisms13040947","A y B (independiente)"
"Bacterial Communities in the Rhizosphere at Different Growth Stages of Maize Cultivated in Soil Under Conventional and Conservation Agricultural Practices","https://doi.org/10.1128/spectrum.01834-21",2022,"Effects of water volume of drip irrigation on soil bacterial communities and its association with soil properties in jujube cultivation",2024,"https://doi.org/10.3389/fmicb.2023.1321993","A y B (independiente)"
"Bacterial Communities in the Rhizosphere at Different Growth Stages of Maize Cultivated in Soil Under Conventional and Conservation Agricultural Practices","https://doi.org/10.1128/spectrum.01834-21",2022,"Whole-Genome Analysis and Growth-Promoting Mechanism of Klebsiella pneumoniae YMK25 from Maize Rhizobacteria",2025,"https://doi.org/10.3390/plants14172738","A y B (independiente)"
"Bacterial Communities in the Rhizosphere at Different Growth Stages of Maize Cultivated in Soil Under Conventional and Conservation Agricultural Practices","https://doi.org/10.1128/spectrum.01834-21",2022,"Effects of tillage practices in stover-return on endosphere and rhizosphere microbiomes",2025,"https://doi.org/10.1038/s44264-025-00099-5","A y B (independiente)"
"Bacterial Communities in the Rhizosphere at Different Growth Stages of Maize Cultivated in Soil Under Conventional and Conservation Agricultural Practices","https://doi.org/10.1128/spectrum.01834-21",2022,"Multi-scale beta-diversity patterns in testate amoeba communities: species turnover and nestedness along a latitudinal gradient",2024,"https://doi.org/10.1007/s00442-024-05602-2","A y B (independiente)"
"Bacterial Communities in the Rhizosphere at Different Growth Stages of Maize Cultivated in Soil Under Conventional and Conservation Agricultural Practices","https://doi.org/10.1128/spectrum.01834-21",2022,"Endobacteria Have a Negative Effect on the Virulence of Metarhizium",2025,"https://doi.org/10.3390/jof11110813","A y B (independiente)"
"Bacterial Communities in the Rhizosphere at Different Growth Stages of Maize Cultivated in Soil Under Conventional and Conservation Agricultural Practices","https://doi.org/10.1128/spectrum.01834-21",2022,"Distinct prokaryotic and eukaryotic communities and networks in two agricultural fields of central Japan with different histories of maize–cabbage rotation",2023,"https://doi.org/10.1038/s41598-023-42291-y","A y B (independiente)"
"Bacterial Communities in the Rhizosphere at Different Growth Stages of Maize Cultivated in Soil Under Conventional and Conservation Agricultural Practices","https://doi.org/10.1128/spectrum.01834-21",2022,"Impact of Maize Growth Stage on Soil Bacterial Communities and Functions in Dryland Under P Fertilization: a Comprehensive Analysis",2024,"https://doi.org/10.1007/s42729-024-01619-x","A y B (independiente)"
"Bacterial Communities in the Rhizosphere at Different Growth Stages of Maize Cultivated in Soil Under Conventional and Conservation Agricultural Practices","https://doi.org/10.1128/spectrum.01834-21",2022,"Consistent prokaryotic community patterns along the radial root axis of two Zea mays L. landraces across two distinct field locations",2024,"https://doi.org/10.3389/fmicb.2024.1386476","A y B (independiente)"
"Bacterial Communities in the Rhizosphere at Different Growth Stages of Maize Cultivated in Soil Under Conventional and Conservation Agricultural Practices","https://doi.org/10.1128/spectrum.01834-21",2022,"“Reflexions on the role, diversity, conservation and management of the genetic microbial resources in Agriculture”",2025,"https://doi.org/10.1016/j.crmicr.2025.100365","A y B (independiente)"
"Bacterial Communities in the Rhizosphere at Different Growth Stages of Maize Cultivated in Soil Under Conventional and Conservation Agricultural Practices","https://doi.org/10.1128/spectrum.01834-21",2022,"Alteração da biodiversidade microbiana do solo devido ao cultivo agrícola: uma revisão",2022,"https://doi.org/10.33448/rsd-v11i15.37168","A y B (independiente)"
"Bacterial Communities in the Rhizosphere at Different Growth Stages of Maize Cultivated in Soil Under Conventional and Conservation Agricultural Practices","https://doi.org/10.1128/spectrum.01834-21",2022,"Biocontrol Mechanisms by Root-Associated Bacillus Species",2024,"https://doi.org/10.1007/978-981-97-8739-5_9","A y B (independiente)"
"Bacterial Communities in the Rhizosphere at Different Growth Stages of Maize Cultivated in Soil Under Conventional and Conservation Agricultural Practices","https://doi.org/10.1128/spectrum.01834-21",2022,"Microbial biomass and enzymatic activity in the rhizosphere of prickly-pear cactus genotypes inoculated with Bacillus subtilis and Paenibacillus Sp",2025,"https://doi.org/10.1038/s41598-025-13708-7","A y B (independiente)"
"Bacterial Communities in the Rhizosphere at Different Growth Stages of Maize Cultivated in Soil Under Conventional and Conservation Agricultural Practices","https://doi.org/10.1128/spectrum.01834-21",2022,"Early season soil microbiome best predicts wheat grain quality",2022,"https://doi.org/10.1101/2022.09.29.510160","A y B (independiente)"
"Bacterial Communities in the Rhizosphere at Different Growth Stages of Maize Cultivated in Soil Under Conventional and Conservation Agricultural Practices","https://doi.org/10.1128/spectrum.01834-21",2022,"Genomic studies reveal molecular mechanims underlying plant–microbe interaction",2025,"https://doi.org/10.1016/b978-0-443-31554-1.00004-2","A y B (independiente)"
"Bacterial Communities in the Rhizosphere at Different Growth Stages of Maize Cultivated in Soil Under Conventional and Conservation Agricultural Practices","https://doi.org/10.1128/spectrum.01834-21",2022,"Functional Characterization of Culturable Rhizobacteria From Mexican Maize Landrace Palomero Toluqueño ( Zea mays var. Everta )",2025,"https://doi.org/10.1002/jobm.70119","A y B (independiente)"
"Bacterial Communities in the Rhizosphere at Different Growth Stages of Maize Cultivated in Soil Under Conventional and Conservation Agricultural Practices","https://doi.org/10.1128/spectrum.01834-21",2022,"Soil bacterial responses to experimental warming and drought across winter wheat growth stages in the North China Plain",2025,"https://doi.org/10.3389/fpls.2025.1637476","A y B (independiente)"
"Bacterial Communities in the Rhizosphere at Different Growth Stages of Maize Cultivated in Soil Under Conventional and Conservation Agricultural Practices","https://doi.org/10.1128/spectrum.01834-21",2022,"Functional re-tooling of rhizosphere guilds is driven by agricultural management and scion genotype in apple",2026,"https://doi.org/10.21203/rs.3.rs-8562047/v1","A y B (independiente)"
"Bacterial Communities in the Rhizosphere at Different Growth Stages of Maize Cultivated in Soil Under Conventional and Conservation Agricultural Practices","https://doi.org/10.1128/spectrum.01834-21",2022,"Draft Genome Sequence of Bacillus sp. Strain 11B20, a Promising Plant-Growth Promoting Bacterium Associated with Maize (Zea mays L.) in the Yaqui Valley, Mexico",2026,"https://doi.org/10.3390/microorganisms14020485","A y B (independiente)"
"Bacterial Communities in the Rhizosphere at Different Growth Stages of Maize Cultivated in Soil Under Conventional and Conservation Agricultural Practices","https://doi.org/10.1128/spectrum.01834-21",2022,"Microbial community characterization in semi-hydroponic systems of Starbor kale (Brassica oleracea L.) grown under normal gravity and simulated microgravity",2026,"https://doi.org/10.1016/j.crmicr.2026.100592","A y B (independiente)"
"Bacterial Communities in the Rhizosphere at Different Growth Stages of Maize Cultivated in Soil Under Conventional and Conservation Agricultural Practices","https://doi.org/10.1128/spectrum.01834-21",2022,"Taxonomic Restructuring of Rhizosphere Guilds is Driven By Agricultural Management and Scion Genotype in Apple",2026,"https://doi.org/10.1007/s00248-026-02774-7","A y B (independiente)"
"Bacterial Communities in the Rhizosphere at Different Growth Stages of Maize Cultivated in Soil Under Conventional and Conservation Agricultural Practices","https://doi.org/10.1128/spectrum.01834-21",2022,"Nitrogen Application Under Integrated Water–Fertilizer Management Regulates Rhizosphere Nitrogen Dynamics, Microbial Communities, and Maize Productivity",2026,"https://doi.org/10.1007/s00248-026-02784-5","A y B (independiente)"
"Bacterial Communities in the Rhizosphere at Different Growth Stages of Maize Cultivated in Soil Under Conventional and Conservation Agricultural Practices","https://doi.org/10.1128/spectrum.01834-21",2022,"Impact of growth stage and its phyllosphere microbiota on hydrogen production via consolidated bioprocessing from forage",2026,"https://doi.org/10.1016/j.indcrop.2026.123523","A y B (independiente)"
"Bacterial Communities in the Rhizosphere at Different Growth Stages of Maize Cultivated in Soil Under Conventional and Conservation Agricultural Practices","https://doi.org/10.1128/spectrum.01834-21",2022,"Application of glyphosate or paraquat before the emergence of maize plants (Zea mays L.) had no detectable effect on the rhizosphere or endophyte bacterial community structure under the tested field conditions",2026,"https://doi.org/10.3389/fmicb.2026.1892064","B (coautor, no autor evaluado)"
"Bacterial Communities in the Rhizosphere at Different Growth Stages of Maize Cultivated in Soil Under Conventional and Conservation Agricultural Practices","https://doi.org/10.1128/spectrum.01834-21",2022,"Genotype-Specific Interactions Between Wheat and Rhizosphere Microbiome Under Drought Stress",2026,"https://doi.org/10.3390/plants15172626","A y B (independiente)"
"Seasonal dietary changes relate to gut microbiota composition depending on the host species but do not correlate with gut microbiota diversity in arthropod‐eating lizards","https://doi.org/10.1111/mec.17426",2024,"Gut Microbial Communities Are Seasonally Variable in Warm-Climate Lizards Hibernating in the Winter Months",2024,"https://doi.org/10.3390/microorganisms12101974","A y B (independiente)"
"Seasonal dietary changes relate to gut microbiota composition depending on the host species but do not correlate with gut microbiota diversity in arthropod‐eating lizards","https://doi.org/10.1111/mec.17426",2024,"Dietary preferences affect the gut microbiota of three snake species (Squamata: Colubridae)",2025,"https://doi.org/10.3389/fmicb.2025.1559646","A y B (independiente)"
"Seasonal dietary changes relate to gut microbiota composition depending on the host species but do not correlate with gut microbiota diversity in arthropod‐eating lizards","https://doi.org/10.1111/mec.17426",2024,"Elevated temperatures increase microbiome similarity between host and environment in a freshwater cnidarian",2026,"https://doi.org/10.1002/lno.70302","A y B (independiente)"
"Seasonal dietary changes relate to gut microbiota composition depending on the host species but do not correlate with gut microbiota diversity in arthropod‐eating lizards","https://doi.org/10.1111/mec.17426",2024,"Limited gut bacterial response of tuatara (Sphenodon punctatus) to dietary manipulation and captivity",2024,"https://doi.org/10.1093/femsec/fiae141","A y B (independiente)"
"Seasonal dietary changes relate to gut microbiota composition depending on the host species but do not correlate with gut microbiota diversity in arthropod‐eating lizards","https://doi.org/10.1111/mec.17426",2024,"Season, Body Condition and Developmental Stage Influence the Gut Microbiota of the Sole Living Rhynchocephalian Reptile (Sphenodon punctatus)",2025,"https://doi.org/10.1002/ece3.71068","A y B (independiente)"
"Seasonal dietary changes relate to gut microbiota composition depending on the host species but do not correlate with gut microbiota diversity in arthropod‐eating lizards","https://doi.org/10.1111/mec.17426",2024,"Interactions between host sex and seasonal changes shape the gut microbial communities of wild blue sheep (Pseudois nayaur)",2025,"https://doi.org/10.3389/fmicb.2025.1553622","A y B (independiente)"
"Seasonal dietary changes relate to gut microbiota composition depending on the host species but do not correlate with gut microbiota diversity in arthropod‐eating lizards","https://doi.org/10.1111/mec.17426",2024,"Gut Microbiota Provide Co‐Existing Strategies for Two Species of Symmetrically Distributed Rodents in Competition for Food",2025,"https://doi.org/10.1002/ece3.72290","A y B (independiente)"
"Seasonal dietary changes relate to gut microbiota composition depending on the host species but do not correlate with gut microbiota diversity in arthropod‐eating lizards","https://doi.org/10.1111/mec.17426",2024,"Characteristics and dynamic changes of gut microbiota in Mongolian horses and Guizhou horses",2025,"https://doi.org/10.3389/fmicb.2025.1582821","A y B (independiente)"
"Seasonal dietary changes relate to gut microbiota composition depending on the host species but do not correlate with gut microbiota diversity in arthropod‐eating lizards","https://doi.org/10.1111/mec.17426",2024,"Coping with extremes: diet and phylogeny shape gut microbiota in six passerine species inhabiting the Qinghai-Tibet Plateau",2025,"https://doi.org/10.1016/j.avrs.2025.100321","A y B (independiente)"
"Seasonal dietary changes relate to gut microbiota composition depending on the host species but do not correlate with gut microbiota diversity in arthropod‐eating lizards","https://doi.org/10.1111/mec.17426",2024,"Seasonal dietary shifts drive gut microbiome plasticity and metabolic adaptation in wild yaks on the Qinghai-Xizang Plateau",2025,"https://doi.org/10.1186/s12866-025-04530-2","A y B (independiente)"
"Seasonal dietary changes relate to gut microbiota composition depending on the host species but do not correlate with gut microbiota diversity in arthropod‐eating lizards","https://doi.org/10.1111/mec.17426",2024,"Shaped by Fire: Unravelling the Impact of Fire on Lizard Gut Microbiome",2026,"https://doi.org/10.1111/mec.70255","A y B (independiente)"
"Seasonal dietary changes relate to gut microbiota composition depending on the host species but do not correlate with gut microbiota diversity in arthropod‐eating lizards","https://doi.org/10.1111/mec.17426",2024,"Stage-dependent diet drives gut microbiome variations in the Chinese crocodile lizard (Shinisaurus crocodilurus)",2026,"https://doi.org/10.1016/j.gecco.2026.e04200","A y B (independiente)"
"Seasonal dietary changes relate to gut microbiota composition depending on the host species but do not correlate with gut microbiota diversity in arthropod‐eating lizards","https://doi.org/10.1111/mec.17426",2024,"The lizard microbiome: patterns, drivers, and functional implications",2026,"https://doi.org/10.1093/femsle/fnag049","A y B (independiente)"
"Seasonal dietary changes relate to gut microbiota composition depending on the host species but do not correlate with gut microbiota diversity in arthropod‐eating lizards","https://doi.org/10.1111/mec.17426",2024,"Temporal stability and geographical divergence of skin microbiota in a treefrog: insights from microbial communities and volatile secretions",2026,"https://doi.org/10.1093/ismeco/ycag125","A y B (independiente)"
"Seasonal dietary changes relate to gut microbiota composition depending on the host species but do not correlate with gut microbiota diversity in arthropod‐eating lizards","https://doi.org/10.1111/mec.17426",2024,"Host and Environmental Drivers of Gut Microbiome Variation in Wild Anolis Lizards",2026,"https://doi.org/10.1111/mec.70358","A y B (independiente)"
"Seasonal dietary changes relate to gut microbiota composition depending on the host species but do not correlate with gut microbiota diversity in arthropod‐eating lizards","https://doi.org/10.1111/mec.17426",2024,"The microbiome in reptile health, disease, and ecology",2026,"https://doi.org/10.1128/mmbr.00128-25","A y B (independiente)"
"Seasonal dietary changes relate to gut microbiota composition depending on the host species but do not correlate with gut microbiota diversity in arthropod‐eating lizards","https://doi.org/10.1111/mec.17426",2024,"Microbial diversity, antimicrobial resistance and zoonotic implications of the reptile gut microbiota: an updated review",2026,"https://doi.org/10.3389/fmicb.2026.1913228","A y B (independiente)"
"Seasonal dietary changes relate to gut microbiota composition depending on the host species but do not correlate with gut microbiota diversity in arthropod‐eating lizards","https://doi.org/10.1111/mec.17426",2024,"Targeting the Th17/Treg axis: from immunological insights to therapeutic avenues in atherosclerosis",2026,"https://doi.org/10.3389/fimmu.2026.1923083","A y B (independiente)"
"The root endophytic bacterial community of Ricinus communis L. resembles the seeds community more than the rhizosphere bacteria independent of soil water content","https://doi.org/10.1038/s41598-021-81551-7",2021,"Petroleum pollution affects soil chemistry and reshapes the diversity and networks of microbial communities",2022,"https://doi.org/10.1016/j.ecoenv.2022.114129","A y B (independiente)"
"The root endophytic bacterial community of Ricinus communis L. resembles the seeds community more than the rhizosphere bacteria independent of soil water content","https://doi.org/10.1038/s41598-021-81551-7",2021,"Bioprospecting and Challenges of Plant Microbiome Research for Sustainable Agriculture, a Review on Soybean Endophytic Bacteria",2022,"https://doi.org/10.1007/s00248-022-02136-z","A y B (independiente)"
"The root endophytic bacterial community of Ricinus communis L. resembles the seeds community more than the rhizosphere bacteria independent of soil water content","https://doi.org/10.1038/s41598-021-81551-7",2021,"Tetracycline inhibits the nitrogen fixation ability of soybean (Glycine max (L.) Merr.) nodules in black soil by altering the root and rhizosphere bacterial communities",2023,"https://doi.org/10.1016/j.scitotenv.2023.168047","A y B (independiente)"
"The root endophytic bacterial community of Ricinus communis L. resembles the seeds community more than the rhizosphere bacteria independent of soil water content","https://doi.org/10.1038/s41598-021-81551-7",2021,"Nitrogen Fertilizer Application Alters the Root Endophyte Bacterial Microbiome in Maize Plants, but Not in the Stem or Rhizosphere Soil",2022,"https://doi.org/10.1128/spectrum.01785-22","B (coautor, no autor evaluado)"
"The root endophytic bacterial community of Ricinus communis L. resembles the seeds community more than the rhizosphere bacteria independent of soil water content","https://doi.org/10.1038/s41598-021-81551-7",2021,"Microbial endophytes: prospects in biological control of plant pathogens and plant growth stimulation for sustainable agriculture",2024,"https://doi.org/10.1016/b978-0-443-13365-7.00015-4","A y B (independiente)"
"The root endophytic bacterial community of Ricinus communis L. resembles the seeds community more than the rhizosphere bacteria independent of soil water content","https://doi.org/10.1038/s41598-021-81551-7",2021,"Microbial inoculation alters rhizoplane bacterial community and correlates with increased rice yield",2024,"https://doi.org/10.1016/j.pedobi.2024.150945","A y B (independiente)"
"The root endophytic bacterial community of Ricinus communis L. resembles the seeds community more than the rhizosphere bacteria independent of soil water content","https://doi.org/10.1038/s41598-021-81551-7",2021,"Fungal–Bacterial Networks in the Habitat of SongRong (Tricholoma matsutake) and Driving Factors of Their Distribution Rules",2022,"https://doi.org/10.3390/jof8060575","A y B (independiente)"
"The root endophytic bacterial community of Ricinus communis L. resembles the seeds community more than the rhizosphere bacteria independent of soil water content","https://doi.org/10.1038/s41598-021-81551-7",2021,"Adapting to arid conditions: the interplay of plant roots, microbial communities, and exudates in the face of drought challenges",2024,"https://doi.org/10.1016/b978-0-443-23956-4.00028-4","A y B (independiente)"
"The root endophytic bacterial community of Ricinus communis L. resembles the seeds community more than the rhizosphere bacteria independent of soil water content","https://doi.org/10.1038/s41598-021-81551-7",2021,"Halophytes as holobionts: disentangling the contribution of plant genotype and environmental factors to the associated microbiome of hydro- and xerohalophytes",2025,"https://doi.org/10.1016/j.crmicr.2025.100511","A y B (independiente)"
"The root endophytic bacterial community of Ricinus communis L. resembles the seeds community more than the rhizosphere bacteria independent of soil water content","https://doi.org/10.1038/s41598-021-81551-7",2021,"Role of Microbiome on Healthy Growth and Yield of Rice Plant",2024,"https://doi.org/10.1007/978-981-99-9388-8_9","A y B (independiente)"
"The root endophytic bacterial community of Ricinus communis L. resembles the seeds community more than the rhizosphere bacteria independent of soil water content","https://doi.org/10.1038/s41598-021-81551-7",2021,"A Comparison of Rhizospheric and Endophytic Bacteria in Early and Late-Maturing Pumpkin Varieties",2022,"https://doi.org/10.3390/microorganisms10081667","A y B (independiente)"
"The root endophytic bacterial community of Ricinus communis L. resembles the seeds community more than the rhizosphere bacteria independent of soil water content","https://doi.org/10.1038/s41598-021-81551-7",2021,"Response of bacterial community structure to different ecological niches and their functions in Korean pine forests",2022,"https://doi.org/10.7717/peerj.12978","A y B (independiente)"
"The root endophytic bacterial community of Ricinus communis L. resembles the seeds community more than the rhizosphere bacteria independent of soil water content","https://doi.org/10.1038/s41598-021-81551-7",2021,"Shifts in root-associated fungal communities under drought conditions in Ricinus communis",2023,"https://doi.org/10.1016/j.funeco.2023.101225","B (coautor, no autor evaluado)"
"The root endophytic bacterial community of Ricinus communis L. resembles the seeds community more than the rhizosphere bacteria independent of soil water content","https://doi.org/10.1038/s41598-021-81551-7",2021,"Spatial and Temporal Shifts of Endophytic Bacteria in Conifer Seedlings of Abies religiosa (Kunth) Schltdl. & Cham.",2024,"https://doi.org/10.1007/s00248-024-02398-9","B (coautor, no autor evaluado)"
"The root endophytic bacterial community of Ricinus communis L. resembles the seeds community more than the rhizosphere bacteria independent of soil water content","https://doi.org/10.1038/s41598-021-81551-7",2021,"Soil rather than root traits drives variation in the rhizosphere microbial community of Pinus taiwanensis in a subtropical mountain ecosystem",2025,"https://doi.org/10.1016/j.apsoil.2025.106106","A y B (independiente)"
"The root endophytic bacterial community of Ricinus communis L. resembles the seeds community more than the rhizosphere bacteria independent of soil water content","https://doi.org/10.1038/s41598-021-81551-7",2021,"Pinus sylvestris provenance climate differentiates roots, bacterial communities, and their relationships — Evidence from a common garden experiment",2025,"https://doi.org/10.1016/j.scitotenv.2025.180528","A y B (independiente)"
"The root endophytic bacterial community of Ricinus communis L. resembles the seeds community more than the rhizosphere bacteria independent of soil water content","https://doi.org/10.1038/s41598-021-81551-7",2021,"Changes of Key Soil Factors, Biochemistry and Bacterial Species Composition during Seasons in the Rhizosphere and Roots of Codonopsis pilosula (tangshen)",2023,"https://doi.org/10.3390/agronomy13061545","A y B (independiente)"
"The root endophytic bacterial community of Ricinus communis L. resembles the seeds community more than the rhizosphere bacteria independent of soil water content","https://doi.org/10.1038/s41598-021-81551-7",2021,"Random mechanisms govern bacterial succession in bioinoculated beet plants",2025,"https://doi.org/10.1038/s41598-025-92688-0","A y B (independiente)"
"The root endophytic bacterial community of Ricinus communis L. resembles the seeds community more than the rhizosphere bacteria independent of soil water content","https://doi.org/10.1038/s41598-021-81551-7",2021,"Peer Review #2 of ""Response of bacterial community structure to different ecological niches and their functions in Korean pine forests (v0.2)""",2022,"https://doi.org/10.7287/peerj.12978v0.2/reviews/2","A y B (independiente)"
"The root endophytic bacterial community of Ricinus communis L. resembles the seeds community more than the rhizosphere bacteria independent of soil water content","https://doi.org/10.1038/s41598-021-81551-7",2021,"Peer Review #3 of ""Response of bacterial community structure to different ecological niches and their functions in Korean pine forests (v0.2)""",2022,"https://doi.org/10.7287/peerj.12978v0.2/reviews/3","A y B (independiente)"
"The root endophytic bacterial community of Ricinus communis L. resembles the seeds community more than the rhizosphere bacteria independent of soil water content","https://doi.org/10.1038/s41598-021-81551-7",2021,"Peer Review #2 of ""Response of bacterial community structure to different ecological niches and their functions in Korean pine forests (v0.1)""",2022,"https://doi.org/10.7287/peerj.12978v0.1/reviews/2","A y B (independiente)"
"The root endophytic bacterial community of Ricinus communis L. resembles the seeds community more than the rhizosphere bacteria independent of soil water content","https://doi.org/10.1038/s41598-021-81551-7",2021,"Peer Review #3 of ""Response of bacterial community structure to different ecological niches and their functions in Korean pine forests (v0.1)""",2022,"https://doi.org/10.7287/peerj.12978v0.1/reviews/3","A y B (independiente)"
"The root endophytic bacterial community of Ricinus communis L. resembles the seeds community more than the rhizosphere bacteria independent of soil water content","https://doi.org/10.1038/s41598-021-81551-7",2021,"Peer Review #1 of ""Response of bacterial community structure to different ecological niches and their functions in Korean pine forests (v0.1)""",2022,"https://doi.org/10.7287/peerj.12978v0.1/reviews/1","A y B (independiente)"
"The root endophytic bacterial community of Ricinus communis L. resembles the seeds community more than the rhizosphere bacteria independent of soil water content","https://doi.org/10.1038/s41598-021-81551-7",2021,"Rhizosphere bacterial colonization of beet occurs in discrete phases regardless of bioinoculation with the wild sea beet root community",2023,"https://doi.org/10.1101/2023.02.10.527839","A y B (independiente)"
"The root endophytic bacterial community of Ricinus communis L. resembles the seeds community more than the rhizosphere bacteria independent of soil water content","https://doi.org/10.1038/s41598-021-81551-7",2021,"Colonization of beet by rhizosphere bacteria takes place in discreet phases regardless of bioinculation with wild sea beet root community",2024,"https://doi.org/10.21203/rs.3.rs-3991116/v1","A y B (independiente)"
"The root endophytic bacterial community of Ricinus communis L. resembles the seeds community more than the rhizosphere bacteria independent of soil water content","https://doi.org/10.1038/s41598-021-81551-7",2021,"Soil Characteristics Determine the Effect of Compost or Sterile Compost on Wheat ( Triticum aestivum L.) Development",2025,"https://doi.org/10.1080/1065657x.2025.2538568","B (coautor, no autor evaluado)"
"The root endophytic bacterial community of Ricinus communis L. resembles the seeds community more than the rhizosphere bacteria independent of soil water content","https://doi.org/10.1038/s41598-021-81551-7",2021,"Application of glyphosate or paraquat before the emergence of maize plants (Zea mays L.) had no detectable effect on the rhizosphere or endophyte bacterial community structure under the tested field conditions",2026,"https://doi.org/10.3389/fmicb.2026.1892064","B (coautor, no autor evaluado)"
"Conversion of a High-Altitude Temperate Forest for Agriculture Reduced Alpha and Beta Diversity of the Soil Fungal Communities as Revealed by a Metabarcoding Analysis","https://doi.org/10.3389/fmicb.2021.667566",2021,"Applications of environmental DNA (eDNA) to detect subterranean and aquatic invasive species: A critical review on the challenges and limitations of eDNA metabarcoding",2023,"https://doi.org/10.1016/j.envadv.2023.100370","A y B (independiente)"
"Conversion of a High-Altitude Temperate Forest for Agriculture Reduced Alpha and Beta Diversity of the Soil Fungal Communities as Revealed by a Metabarcoding Analysis","https://doi.org/10.3389/fmicb.2021.667566",2021,"Agricultural intensification weakens the soil health index and stability of microbial networks",2022,"https://doi.org/10.1016/j.agee.2022.108118","A y B (independiente)"
"Conversion of a High-Altitude Temperate Forest for Agriculture Reduced Alpha and Beta Diversity of the Soil Fungal Communities as Revealed by a Metabarcoding Analysis","https://doi.org/10.3389/fmicb.2021.667566",2021,"Applications of environmental DNA (eDNA) in agricultural systems: Current uses, limitations and future prospects",2022,"https://doi.org/10.1016/j.scitotenv.2022.157556","A y B (independiente)"
"Conversion of a High-Altitude Temperate Forest for Agriculture Reduced Alpha and Beta Diversity of the Soil Fungal Communities as Revealed by a Metabarcoding Analysis","https://doi.org/10.3389/fmicb.2021.667566",2021,"Mixed sowing improves plant and soil bacterial community restoration in the degraded alpine meadow",2024,"https://doi.org/10.1007/s11104-024-06482-4","A y B (independiente)"
"Conversion of a High-Altitude Temperate Forest for Agriculture Reduced Alpha and Beta Diversity of the Soil Fungal Communities as Revealed by a Metabarcoding Analysis","https://doi.org/10.3389/fmicb.2021.667566",2021,"Microbial, holobiont, and Tree of Life eDNA/eRNA for enhanced ecological assessment",2024,"https://doi.org/10.1016/j.tim.2024.07.003","A y B (independiente)"
"Conversion of a High-Altitude Temperate Forest for Agriculture Reduced Alpha and Beta Diversity of the Soil Fungal Communities as Revealed by a Metabarcoding Analysis","https://doi.org/10.3389/fmicb.2021.667566",2021,"Response of soil microbial community diversity to continuous cucumber cropping in facilities along the Yellow River irrigation area",2023,"https://doi.org/10.1371/journal.pone.0289772","A y B (independiente)"
"Conversion of a High-Altitude Temperate Forest for Agriculture Reduced Alpha and Beta Diversity of the Soil Fungal Communities as Revealed by a Metabarcoding Analysis","https://doi.org/10.3389/fmicb.2021.667566",2021,"Biochars modify the degradation pathways of dewatered sludge by regulating active microorganisms during gut digestion of earthworms",2022,"https://doi.org/10.1016/j.scitotenv.2022.154496","A y B (independiente)"
"Conversion of a High-Altitude Temperate Forest for Agriculture Reduced Alpha and Beta Diversity of the Soil Fungal Communities as Revealed by a Metabarcoding Analysis","https://doi.org/10.3389/fmicb.2021.667566",2021,"Legacy of land-cover changes on soil microbiology in Burgundy vineyards (Pernand-Vergelesses, France)",2022,"https://doi.org/10.20870/oeno-one.2022.56.2.5432","A y B (independiente)"
"Conversion of a High-Altitude Temperate Forest for Agriculture Reduced Alpha and Beta Diversity of the Soil Fungal Communities as Revealed by a Metabarcoding Analysis","https://doi.org/10.3389/fmicb.2021.667566",2021,"Establishing Artificial Grassland on Extremely Degraded Alpine Meadow Changes the Soil Fungal Community and Function in the Qilian Mountain Area",2025,"https://doi.org/10.1002/ldr.5402","A y B (independiente)"
"Conversion of a High-Altitude Temperate Forest for Agriculture Reduced Alpha and Beta Diversity of the Soil Fungal Communities as Revealed by a Metabarcoding Analysis","https://doi.org/10.3389/fmicb.2021.667566",2021,"Response of the Soil Fungal Community and Its Function during the Conversion of Forestland to Tea Plantations: A Case Study in Southeast China",2023,"https://doi.org/10.3390/f14020209","A y B (independiente)"
"Conversion of a High-Altitude Temperate Forest for Agriculture Reduced Alpha and Beta Diversity of the Soil Fungal Communities as Revealed by a Metabarcoding Analysis","https://doi.org/10.3389/fmicb.2021.667566",2021,"Shifts in Fungal Communities and Potential Functions Under Masson Pine Forest-to-Tea Plantation Conversion in Subtropical China",2025,"https://doi.org/10.3390/microorganisms13071614","A y B (independiente)"
"Conversion of a High-Altitude Temperate Forest for Agriculture Reduced Alpha and Beta Diversity of the Soil Fungal Communities as Revealed by a Metabarcoding Analysis","https://doi.org/10.3389/fmicb.2021.667566",2021,"Biodiversity between volcanoes: A multi-taxa analysis to identify priority conservation areas in a highly fragmented landscape of the Trans-Mexican Volcanic Belt",2025,"https://doi.org/10.1016/j.jnc.2025.126852","B (coautor, no autor evaluado)"
"Conversion of a High-Altitude Temperate Forest for Agriculture Reduced Alpha and Beta Diversity of the Soil Fungal Communities as Revealed by a Metabarcoding Analysis","https://doi.org/10.3389/fmicb.2021.667566",2021,"Synchronized nutrition fertilizer improves soil microbial diversity and sugarcane yield through agrochemical and enzymatic regulation",2025,"https://doi.org/10.3389/fpls.2025.1694590","A y B (independiente)"
"Conversion of a High-Altitude Temperate Forest for Agriculture Reduced Alpha and Beta Diversity of the Soil Fungal Communities as Revealed by a Metabarcoding Analysis","https://doi.org/10.3389/fmicb.2021.667566",2021,"Exploring Organic Matter, Soil Enzymes, and Fungal Communities Under Land-Use Intensification in the Argentine Pampas",2025,"https://doi.org/10.3390/agronomy15112469","A y B (independiente)"
"Conversion of a High-Altitude Temperate Forest for Agriculture Reduced Alpha and Beta Diversity of the Soil Fungal Communities as Revealed by a Metabarcoding Analysis","https://doi.org/10.3389/fmicb.2021.667566",2021,"Checklist of Basidiomycota and New Records from the Azores Archipelago",2024,"https://doi.org/10.3390/d16030170","A y B (independiente)"
"Conversion of a High-Altitude Temperate Forest for Agriculture Reduced Alpha and Beta Diversity of the Soil Fungal Communities as Revealed by a Metabarcoding Analysis","https://doi.org/10.3389/fmicb.2021.667566",2021,"Elevated Altitude and Limestone Soil Promoted Fungal Diversity in Rhizosphere Soil of Sophora japonica",2024,"https://doi.org/10.3390/horticulturae10050441","A y B (independiente)"
"Conversion of a High-Altitude Temperate Forest for Agriculture Reduced Alpha and Beta Diversity of the Soil Fungal Communities as Revealed by a Metabarcoding Analysis","https://doi.org/10.3389/fmicb.2021.667566",2021,"Environmental DNA as a tool for ecosystem monitoring and conservation biology",2026,"https://doi.org/10.3389/fmars.2026.1672904","A y B (independiente)"
"Conversion of a High-Altitude Temperate Forest for Agriculture Reduced Alpha and Beta Diversity of the Soil Fungal Communities as Revealed by a Metabarcoding Analysis","https://doi.org/10.3389/fmicb.2021.667566",2021,"“Reflexions on the role, diversity, conservation and management of the genetic microbial resources in Agriculture”",2025,"https://doi.org/10.1016/j.crmicr.2025.100365","A y B (independiente)"
"Conversion of a High-Altitude Temperate Forest for Agriculture Reduced Alpha and Beta Diversity of the Soil Fungal Communities as Revealed by a Metabarcoding Analysis","https://doi.org/10.3389/fmicb.2021.667566",2021,"Soil Fungal Communities Across Contrasting Land-Use Systems in an Intensively Managed Cerrado Landscape",2026,"https://doi.org/10.3390/jof12050346","A y B (independiente)"
"Conversion of a High-Altitude Temperate Forest for Agriculture Reduced Alpha and Beta Diversity of the Soil Fungal Communities as Revealed by a Metabarcoding Analysis","https://doi.org/10.3389/fmicb.2021.667566",2021,"Soil properties and microbial evolution during cropping system conversion: Insights from a 105-year study in southern China",2024,"https://doi.org/10.1016/j.indcrop.2024.119802","A y B (independiente)"
"Conversion of a High-Altitude Temperate Forest for Agriculture Reduced Alpha and Beta Diversity of the Soil Fungal Communities as Revealed by a Metabarcoding Analysis","https://doi.org/10.3389/fmicb.2021.667566",2021,"No‐Tillage Reseeding Enhances the Restoration of Degraded Alpine Meadows by Regulating Plant Soil and Bacterial Communities",2025,"https://doi.org/10.1002/ldr.70368","A y B (independiente)"
"Conversion of a High-Altitude Temperate Forest for Agriculture Reduced Alpha and Beta Diversity of the Soil Fungal Communities as Revealed by a Metabarcoding Analysis","https://doi.org/10.3389/fmicb.2021.667566",2021,"Novel soil health assessment framework and microbial community characterization for paddy field by interpretable machine learning",2026,"https://doi.org/10.1016/j.apsoil.2026.107022","A y B (independiente)"
"Conversion of a High-Altitude Temperate Forest for Agriculture Reduced Alpha and Beta Diversity of the Soil Fungal Communities as Revealed by a Metabarcoding Analysis","https://doi.org/10.3389/fmicb.2021.667566",2021,"Land-use intensity overrides grazing and precipitation effects on soil microbial communities in a subtropical agroecosystem",2026,"https://doi.org/10.64898/2026.04.30.721763","A y B (independiente)"
"Conversion of a High-Altitude Temperate Forest for Agriculture Reduced Alpha and Beta Diversity of the Soil Fungal Communities as Revealed by a Metabarcoding Analysis","https://doi.org/10.3389/fmicb.2021.667566",2021,"Conventional and advanced biodiversity assessment techniques with special emphasis on environmental DNA",2026,"https://doi.org/10.1016/b978-0-443-34222-6.00001-2","A y B (independiente)"
"Comparative analysis of two nonlethal methods for the study of the gut bacterial communities in wild lizards","https://doi.org/10.1111/1749-4877.12711",2023,"Hologenomic data generation and analysis in wild vertebrates",2024,"https://doi.org/10.1111/2041-210x.14456","A y B (independiente)"
"Comparative analysis of two nonlethal methods for the study of the gut bacterial communities in wild lizards","https://doi.org/10.1111/1749-4877.12711",2023,"Seasonal dietary changes relate to gut microbiota composition depending on the host species but do not correlate with gut microbiota diversity in arthropod‐eating lizards",2024,"https://doi.org/10.1111/mec.17426","B (coautor, no autor evaluado)"
"Comparative analysis of two nonlethal methods for the study of the gut bacterial communities in wild lizards","https://doi.org/10.1111/1749-4877.12711",2023,"Maternal transmission of bacterial microbiota during embryonic development in a viviparous lizard",2023,"https://doi.org/10.1128/spectrum.01780-23","B (coautor, no autor evaluado)"
"Comparative analysis of two nonlethal methods for the study of the gut bacterial communities in wild lizards","https://doi.org/10.1111/1749-4877.12711",2023,"Robust, Open‐Source and Automation‐Friendly DNA Extraction Protocol for Hologenomic Research",2025,"https://doi.org/10.1111/1755-0998.70042","A y B (independiente)"
"Comparative analysis of two nonlethal methods for the study of the gut bacterial communities in wild lizards","https://doi.org/10.1111/1749-4877.12711",2023,"DNA metabarcoding reveals seasonal changes in diet composition across four arthropod‐eating lizard species (Phrynosomatidae: Sceloporus)",2023,"https://doi.org/10.1111/1749-4877.12755","B (coautor, no autor evaluado)"
"Comparative analysis of two nonlethal methods for the study of the gut bacterial communities in wild lizards","https://doi.org/10.1111/1749-4877.12711",2023,"The Earth Hologenome Initiative: Data Release 1",2025,"https://doi.org/10.1093/gigascience/giaf102","A y B (independiente)"
"Comparative analysis of two nonlethal methods for the study of the gut bacterial communities in wild lizards","https://doi.org/10.1111/1749-4877.12711",2023,"Limited gut bacterial response of tuatara (Sphenodon punctatus) to dietary manipulation and captivity",2024,"https://doi.org/10.1093/femsec/fiae141","A y B (independiente)"
"Comparative analysis of two nonlethal methods for the study of the gut bacterial communities in wild lizards","https://doi.org/10.1111/1749-4877.12711",2023,"Contrasting recovery of metagenome‑assembled genomes and derived bacterial communities and functional profiles from lizard fecal and cloacal samples",2025,"https://doi.org/10.1186/s42523-025-00381-4","B (coautor, no autor evaluado)"
"Comparative analysis of two nonlethal methods for the study of the gut bacterial communities in wild lizards","https://doi.org/10.1111/1749-4877.12711",2023,"Diversity of the aerobic cloacal microbiota of syntopic lizard species (Reptilia: Sauria) from a low-mountain area in Western Bulgaria",2024,"https://doi.org/10.37828/em.2024.75.11","A y B (independiente)"
"Comparative analysis of two nonlethal methods for the study of the gut bacterial communities in wild lizards","https://doi.org/10.1111/1749-4877.12711",2023,"Composition and stability of the gut microbiome are associated with thermal tolerance and its plasticity in Anolis lizards",2026,"https://doi.org/10.1242/jeb.251650","A y B (independiente)"
"Comparative analysis of two nonlethal methods for the study of the gut bacterial communities in wild lizards","https://doi.org/10.1111/1749-4877.12711",2023,"Contrasting recovery of metagenome‑assembled genomes and derived microbial communities from lizard fecal and cloacal samples",2024,"https://doi.org/10.21203/rs.3.rs-5287039/v1","B (coautor, no autor evaluado)"
"Comparative analysis of two nonlethal methods for the study of the gut bacterial communities in wild lizards","https://doi.org/10.1111/1749-4877.12711",2023,"Post-brumation yeast mycobiota in Vipera berus (European adder): clinically relevant Candida parapsilosis oral dominance and diverse fecal communities compared with warmer-region snakes",2026,"https://doi.org/10.1007/s11259-026-11233-0","A y B (independiente)"
"Comparative analysis of two nonlethal methods for the study of the gut bacterial communities in wild lizards","https://doi.org/10.1111/1749-4877.12711",2023,"The lizard microbiome: patterns, drivers, and functional implications",2026,"https://doi.org/10.1093/femsle/fnag049","A y B (independiente)"
"Comparative analysis of two nonlethal methods for the study of the gut bacterial communities in wild lizards","https://doi.org/10.1111/1749-4877.12711",2023,"The microbiome in reptile health, disease, and ecology",2026,"https://doi.org/10.1128/mmbr.00128-25","A y B (independiente)"
"Maternal transmission of bacterial microbiota during embryonic development in a viviparous lizard","https://doi.org/10.1128/spectrum.01780-23",2023,"Bacterial dynamics and biotic sources in the developing swimming crab embryos",2024,"https://doi.org/10.1016/j.aquaculture.2024.741523","A y B (independiente)"
"Maternal transmission of bacterial microbiota during embryonic development in a viviparous lizard","https://doi.org/10.1128/spectrum.01780-23",2023,"Effects of ex situ conservation on commensal bacteria of crocodile lizard and conservation implications",2025,"https://doi.org/10.1080/01652176.2025.2463704","A y B (independiente)"
"Maternal transmission of bacterial microbiota during embryonic development in a viviparous lizard","https://doi.org/10.1128/spectrum.01780-23",2023,"The lizard microbiome: patterns, drivers, and functional implications",2026,"https://doi.org/10.1093/femsle/fnag049","A y B (independiente)"
"Maternal transmission of bacterial microbiota during embryonic development in a viviparous lizard","https://doi.org/10.1128/spectrum.01780-23",2023,"The microbiome in reptile health, disease, and ecology",2026,"https://doi.org/10.1128/mmbr.00128-25","A y B (independiente)"
"Maternal transmission of bacterial microbiota during embryonic development in a viviparous lizard","https://doi.org/10.1128/spectrum.01780-23",2023,"Residual yolk depletion matches the establishment of functional oral-intestinal microbiota in hatchling Siamese crocodiles",2026,"https://doi.org/10.1016/j.isci.2026.117047","A y B (independiente)"
"Is Habitat More Important than Phylogenetic Relatedness for Elucidating the Gut Bacterial Composition in Sister Lizard Species?","https://doi.org/10.1264/jsme2.me21087",2022,"Seasonal dietary changes relate to gut microbiota composition depending on the host species but do not correlate with gut microbiota diversity in arthropod‐eating lizards",2024,"https://doi.org/10.1111/mec.17426","B (coautor, no autor evaluado)"
"Is Habitat More Important than Phylogenetic Relatedness for Elucidating the Gut Bacterial Composition in Sister Lizard Species?","https://doi.org/10.1264/jsme2.me21087",2022,"Livestock exposure, seasonal diet shifts, host individual and time correlate with wild African savannah elephant gut microbiome diversity",2026,"https://doi.org/10.1098/rsos.251569","A y B (independiente)"
"Is Habitat More Important than Phylogenetic Relatedness for Elucidating the Gut Bacterial Composition in Sister Lizard Species?","https://doi.org/10.1264/jsme2.me21087",2022,"The lizard microbiome: patterns, drivers, and functional implications",2026,"https://doi.org/10.1093/femsle/fnag049","A y B (independiente)"
"Is Habitat More Important than Phylogenetic Relatedness for Elucidating the Gut Bacterial Composition in Sister Lizard Species?","https://doi.org/10.1264/jsme2.me21087",2022,"Host and Environmental Drivers of Gut Microbiome Variation in Wild Anolis Lizards",2026,"https://doi.org/10.1111/mec.70358","A y B (independiente)"
"Virulence Factors and Molecular Identification of Candida Species Causing Candidemia in Honduras","https://doi.org/10.3390/jof11070470",2025,"Pigeon-Guano-Contaminated Environments in Blantyre, Southern Malawi, are Reservoirs of Medically Important Fungi",2026,"https://doi.org/10.64898/2026.05.26.26354139","A y B (independiente)"
"Virulence Factors and Molecular Identification of Candida Species Causing Candidemia in Honduras","https://doi.org/10.3390/jof11070470",2025,"Distribution, antifungal resistance and virulence factors of Candida species isolated from cervical and vaginal secretions",2026,"https://doi.org/10.1007/s00580-026-03809-8","A y B (independiente)"
"Virulence Factors and Molecular Identification of Candida Species Causing Candidemia in Honduras","https://doi.org/10.3390/jof11070470",2025,"The state of mycology in Honduras",2026,"https://doi.org/10.1016/j.funeco.2026.101533","A y B (independiente)"
"Virulence Factors and Molecular Identification of Candida Species Causing Candidemia in Honduras","https://doi.org/10.3390/jof11070470",2025,"Detection of Virulence Genes and ABC Genotypes in Candida Albicans Isolates from Candidemia Patients",2026,"https://doi.org/10.2478/am-2026-0008","A y B (independiente)"
"Metagenomic analysis of fungal assemblages at a regional scale in high-altitude temperate forest soils: alternative methods to determine diversity, composition and environmental drivers","https://doi.org/10.7717/peerj.18323",2025,"Community of ectomycorrhizae associated with Mexican pinyon pine (Pinus cembroides) in northeastern Mexico and its relationships with environmental variables",2025,"https://doi.org/10.1016/j.foreco.2025.123237","A y B (independiente)"
"Metagenomic analysis of fungal assemblages at a regional scale in high-altitude temperate forest soils: alternative methods to determine diversity, composition and environmental drivers","https://doi.org/10.7717/peerj.18323",2025,"Soil fungal communities under plantations of different Eucalyptus species in Ethiopia: Insights for evidence-based management",2025,"https://doi.org/10.1016/j.scitotenv.2025.179663","A y B (independiente)"
"Metagenomic analysis of fungal assemblages at a regional scale in high-altitude temperate forest soils: alternative methods to determine diversity, composition and environmental drivers","https://doi.org/10.7717/peerj.18323",2025,"Agaricus sinodeliciosus and Coprinus comatus Improve Soil Fertility and Microbial Community Structure",2025,"https://doi.org/10.3390/jof11120866","A y B (independiente)"
"Metagenomic analysis of fungal assemblages at a regional scale in high-altitude temperate forest soils: alternative methods to determine diversity, composition and environmental drivers","https://doi.org/10.7717/peerj.18323",2025,"Comparative fecal microbiome analysis of the endangered Volcano rabbit (Romerolagus diazi) reveals a microbial core in contrasting habitats of Central Mexico",2026,"https://doi.org/10.1371/journal.pone.0343260","A y B (independiente)"
"Metagenomic analysis of fungal assemblages at a regional scale in high-altitude temperate forest soils: alternative methods to determine diversity, composition and environmental drivers","https://doi.org/10.7717/peerj.18323",2025,"Mechanisms of Rhizosphere Microbial Regulation on Ecosystem Multifunctionality Driven by Altitudinal Gradients in Hylodesmum podocarpum",2025,"https://doi.org/10.3390/biology14091126","A y B (independiente)"
"Metagenomic analysis of fungal assemblages at a regional scale in high-altitude temperate forest soils: alternative methods to determine diversity, composition and environmental drivers","https://doi.org/10.7717/peerj.18323",2025,"Community of ectomycorrhizae associated with Mexican pinyon pine (Pinus cembroides) in northeastern Mexico and its relationships with environmental variables",2025,"https://doi.org/10.2139/ssrn.5417019","A y B (independiente)"
"Metagenomic analysis of fungal assemblages at a regional scale in high-altitude temperate forest soils: alternative methods to determine diversity, composition and environmental drivers","https://doi.org/10.7717/peerj.18323",2025,"Microbiome legacy influences necrosis formation in Diplodia sapinea-infected Scots pine shoots",2026,"https://doi.org/10.1186/s40793-026-00904-9","A y B (independiente)"
"Metagenomic analysis of fungal assemblages at a regional scale in high-altitude temperate forest soils: alternative methods to determine diversity, composition and environmental drivers","https://doi.org/10.7717/peerj.18323",2025,"Targeting priority conservation areas in the world’s sixth-largest megalopolis: A multitaxa functional approach",2026,"https://doi.org/10.1016/j.jnc.2026.127383","A y B (independiente)"
"Potential Antidiabetic Activity of Apis mellifera Propolis Extraction Obtained with Ultrasound","https://doi.org/10.3390/foods13020348",2024,"Propolis Stands out as a Multifaceted Natural Product: Meta-Analysis on Its Sources, Bioactivities, Applications, and Future Perspectives",2025,"https://doi.org/10.3390/life15050764","A y B (independiente)"
"Potential Antidiabetic Activity of Apis mellifera Propolis Extraction Obtained with Ultrasound","https://doi.org/10.3390/foods13020348",2024,"Phytomedicine approach for management of diabetes mellitus: an overview of scientifically confirmed medicinal plants with hypoglycaemic properties and their probable mechanism of action",2024,"https://doi.org/10.1007/s11101-024-09984-2","A y B (independiente)"
"Potential Antidiabetic Activity of Apis mellifera Propolis Extraction Obtained with Ultrasound","https://doi.org/10.3390/foods13020348",2024,"Mechanistic Insights into Propolis in Targeting Type 2 Diabetes Mellitus: A Systematic Review",2025,"https://doi.org/10.1055/a-2596-0010","A y B (independiente)"
"Potential Antidiabetic Activity of Apis mellifera Propolis Extraction Obtained with Ultrasound","https://doi.org/10.3390/foods13020348",2024,"LC–MS/MS Phenolic Profiling and Antioxidant, Antimicrobial, and Antidiabetic Activities of Caucasian Propolis",2026,"https://doi.org/10.1002/cbdv.202503377","A y B (independiente)"
"Potential Antidiabetic Activity of Apis mellifera Propolis Extraction Obtained with Ultrasound","https://doi.org/10.3390/foods13020348",2024,"Valorizing Brazilian Propolis Residue: Comprehensive Characterization for Sustainable Reutilization Strategies",2025,"https://doi.org/10.3390/plants14131989","A y B (independiente)"
"Potential Antidiabetic Activity of Apis mellifera Propolis Extraction Obtained with Ultrasound","https://doi.org/10.3390/foods13020348",2024,"Exploring Apis mellifera Propolis Extracts: Bioavailability, Protective Strategies, and Applications in Food Systems",2025,"https://doi.org/10.3390/app152011043","B (coautor, no autor evaluado)"
"Potential Antidiabetic Activity of Apis mellifera Propolis Extraction Obtained with Ultrasound","https://doi.org/10.3390/foods13020348",2024,"The Effect of Different Levels of Bee Propolis with and without Enzyme Treatment in a Wheat-Based Diet on Growth Performance, Carcass Characteristics, and Immune Response of Broiler Chickens",2025,"https://doi.org/10.61882/rap.2024.1478","A y B (independiente)"
"DNA metabarcoding reveals seasonal changes in diet composition across four arthropod‐eating lizard species (Phrynosomatidae: Sceloporus)","https://doi.org/10.1111/1749-4877.12755",2023,"Seasonal dietary changes relate to gut microbiota composition depending on the host species but do not correlate with gut microbiota diversity in arthropod‐eating lizards",2024,"https://doi.org/10.1111/mec.17426","B (coautor, no autor evaluado)"
"DNA metabarcoding reveals seasonal changes in diet composition across four arthropod‐eating lizard species (Phrynosomatidae: Sceloporus)","https://doi.org/10.1111/1749-4877.12755",2023,"Environmental and anthropogenic factors mediating the functional connectivity of the mesquite lizard along the eastern Trans‐Mexican Volcanic Belt",2024,"https://doi.org/10.1111/mec.17469","B (coautor, no autor evaluado)"
"DNA metabarcoding reveals seasonal changes in diet composition across four arthropod‐eating lizard species (Phrynosomatidae: Sceloporus)","https://doi.org/10.1111/1749-4877.12755",2023,"Species Diversity and Distribution of Amphibians in Tangjiahe National Nature Reserve, China",2025,"https://doi.org/10.3390/biology14060614","A y B (independiente)"
"DNA metabarcoding reveals seasonal changes in diet composition across four arthropod‐eating lizard species (Phrynosomatidae: Sceloporus)","https://doi.org/10.1111/1749-4877.12755",2023,"Competition and Environmental Stress Impacts on Trophic Performance of Three Sympatric Insectivorous Lizard Species in Eastern Spain",2025,"https://doi.org/10.3390/sci7040146","A y B (independiente)"
"DNA metabarcoding reveals seasonal changes in diet composition across four arthropod‐eating lizard species (Phrynosomatidae: Sceloporus)","https://doi.org/10.1111/1749-4877.12755",2023,"Stage-dependent diet drives gut microbiome variations in the Chinese crocodile lizard (Shinisaurus crocodilurus)",2026,"https://doi.org/10.1016/j.gecco.2026.e04200","A y B (independiente)"
"DNA metabarcoding reveals seasonal changes in diet composition across four arthropod‐eating lizard species (Phrynosomatidae: Sceloporus)","https://doi.org/10.1111/1749-4877.12755",2023,"Ecology and natural history of the mountain dragon lizard ( Diploderma batangense ), a protected species endemic to southwestern China",2026,"https://doi.org/10.1080/00222933.2026.2674013","A y B (independiente)"
"Composition, antioxidant activity and rheological characteristics of spreadable pastes with blackberry pulp (Rubus fruticosus)","https://doi.org/10.1007/s11694-022-01279-4",2022,"Review of the Report on the Nutritional and Health-Promoting Values of Species of the Rubus L. Genus",2024,"https://doi.org/10.3390/agriculture14081324","A y B (independiente)"
"Composition, antioxidant activity and rheological characteristics of spreadable pastes with blackberry pulp (Rubus fruticosus)","https://doi.org/10.1007/s11694-022-01279-4",2022,"Bacuri (Platonia insignis Mart.): Nutritional values, volatile compounds, rheological properties, health benefits, and potential products",2023,"https://doi.org/10.1016/j.foodchem.2023.137528","A y B (independiente)"
"Composition, antioxidant activity and rheological characteristics of spreadable pastes with blackberry pulp (Rubus fruticosus)","https://doi.org/10.1007/s11694-022-01279-4",2022,"Functional and probiotic properties of freeze‐dried fermented milk with Lactobacillus sp. H7 , Bifidobacterium lactis Bb‐12 and blackberry bioactives",2026,"https://doi.org/10.1002/jsfa.70655","A y B (independiente)"
"Composition, antioxidant activity and rheological characteristics of spreadable pastes with blackberry pulp (Rubus fruticosus)","https://doi.org/10.1007/s11694-022-01279-4",2022,"Probiotic fermented goat milk incorporated with blackberry ( Rubus sp.): A novel functional food product",2026,"https://doi.org/10.1002/jsfa.70708","A y B (independiente)"
"Biodiversity between volcanoes: A multi-taxa analysis to identify priority conservation areas in a highly fragmented landscape of the Trans-Mexican Volcanic Belt","https://doi.org/10.1016/j.jnc.2025.126852",2025,"Climate-Driven Distribution of Edible Fungi in Central Mexico: Implications for Forest Sustainability",2026,"https://doi.org/10.3390/su18073571","A y B (independiente)"
"Biodiversity between volcanoes: A multi-taxa analysis to identify priority conservation areas in a highly fragmented landscape of the Trans-Mexican Volcanic Belt","https://doi.org/10.1016/j.jnc.2025.126852",2025,"Mapping Risk Zones: niche overlap between Batrachochytrium dendrobatidis and endemic amphibians in Mexico’s Central-Southern Highlands",2026,"https://doi.org/10.3897/natureconservation.63.163964","A y B (independiente)"
"Biodiversity between volcanoes: A multi-taxa analysis to identify priority conservation areas in a highly fragmented landscape of the Trans-Mexican Volcanic Belt","https://doi.org/10.1016/j.jnc.2025.126852",2025,"Targeting priority conservation areas in the world’s sixth-largest megalopolis: A multitaxa functional approach",2026,"https://doi.org/10.1016/j.jnc.2026.127383","B (coautor, no autor evaluado)"
"Shifts in root-associated fungal communities under drought conditions in Ricinus communis","https://doi.org/10.1016/j.funeco.2023.101225",2023,"Role of Microbes in Alleviating Crop Drought Stress: A Review",2024,"https://doi.org/10.3390/plants13030384","A y B (independiente)"
"Shifts in root-associated fungal communities under drought conditions in Ricinus communis","https://doi.org/10.1016/j.funeco.2023.101225",2023,"The combined effects of soil moisture and salinity on the spatial differences of soil humification intensity in the Yangtze River estuarine wetlands",2025,"https://doi.org/10.1007/s11368-025-04019-5","A y B (independiente)"
"Shifts in root-associated fungal communities under drought conditions in Ricinus communis","https://doi.org/10.1016/j.funeco.2023.101225",2023,"Adapting to arid conditions: the interplay of plant roots, microbial communities, and exudates in the face of drought challenges",2024,"https://doi.org/10.1016/b978-0-443-23956-4.00028-4","A y B (independiente)"
"Shifts in root-associated fungal communities under drought conditions in Ricinus communis","https://doi.org/10.1016/j.funeco.2023.101225",2023,"Contrasting drought responses in two grassland plant–microbe systems under climate change",2026,"https://doi.org/10.1111/1365-2745.70251","A y B (independiente)"
"Shifts in root-associated fungal communities under drought conditions in Ricinus communis","https://doi.org/10.1016/j.funeco.2023.101225",2023,"Extreme Drought Enhanced the Diversity and Network Complexity of Root-Associated Soil Fungal Components of a Native Grass (Achnatherum inebrians)",2025,"https://doi.org/10.1007/s42729-025-02479-9","A y B (independiente)"
"Multi-species genetic patterns in a modified temperate forest from central Mexico","https://doi.org/10.1093/biolinnean/blaf012",2025,"Targeting priority conservation areas in the world’s sixth-largest megalopolis: A multitaxa functional approach",2026,"https://doi.org/10.1016/j.jnc.2026.127383","A y B (independiente)"
