"call","first","median_rest","min","max"
"mbm_abundance_bar_plot",0.23,0.190000000000001,0.169999999999998,0.360000000000001
"phyloseq_plot_bar",2.23,2.52,2.16,5.48
"rbiom_taxa_stacked",2.2,0.18,0.149999999999999,0.369999999999997
"mbm_abundance_heatmap_plot",1.42,0.810000000000002,0.759999999999998,3.14
"phyloseq_plot_heatmap",1.49,2.08,1.64,2.08000000000001
"rbiom_taxa_heatmap",1.40000000000001,0.120000000000005,0.11999999999999,0.140000000000001
"mbm_alpha_diversity_plot",4.23,3.35000000000001,3.22999999999999,3.81
"phyloseq_plot_richness",0.199999999999989,0.25,0.200000000000003,0.409999999999997
"rbiom_adiv_boxplot",0.969999999999999,0.150000000000006,0.140000000000001,0.159999999999997
"mbm_beta_ord_plot",0.200000000000003,0.190000000000012,0.189999999999998,0.319999999999993
"phyloseq_ordinate_plot",0.590000000000003,0.579999999999998,0.560000000000002,0.579999999999998
"rbiom_bdiv_ord_plot",0.980000000000004,0.140000000000001,0.140000000000001,0.200000000000003
"mbm_beta_test_table",16.9,13.08,12.28,13.7
"rbiom_bdiv_stats",1.55000000000001,0.0199999999999818,0.00999999999999091,0.0200000000000102
"rbiom_distmat_stats",0.110000000000014,0.0100000000000193,0,0.0200000000000102
"mbm_cca_rda_biplot",0.330000000000013,0.319999999999993,0.310000000000002,0.409999999999997
"phyloseq_cca",0.169999999999987,0.170000000000016,0.169999999999987,0.189999999999998
